edge_idx,src,dst,edge_type,shapley_value,abs_shapley
0,0,6,lig_internal,0.001935,0.001935
1,0,22,cross,0.004422,0.004422
2,0,23,cross,0.001906,0.001906
3,0,27,cross,0.001195,0.001195
4,0,28,cross,0.002019,0.002019
5,0,29,cross,-0.002193,0.002193
6,1,11,lig_internal,-0.000615,0.000615
7,1,16,cross,-0.000537,0.000537
8,1,24,cross,0.000909,0.000909
9,1,26,cross,-0.004463,0.004463
10,1,27,cross,-0.000518,0.000518
11,1,30,cross,0.001448,0.001448
12,1,31,cross,-0.002459,0.002459
13,1,32,cross,0.003663,0.003663
14,2,11,lig_internal,-0.000538,0.000538
15,2,15,cross,-0.000034,0.000034
16,2,16,cross,-0.000472,0.000472
17,2,17,cross,-0.003848,0.003848
18,2,20,cross,-0.000206,0.000206
19,2,26,cross,-0.003880,0.003880
20,2,27,cross,-0.000515,0.000515
21,3,12,lig_internal,0.000048,0.000048
22,3,16,cross,0.000141,0.000141
23,3,17,cross,-0.003784,0.003784
24,3,18,cross,-0.000040,0.000040
25,3,19,cross,-0.000005,0.000005
26,3,20,cross,0.000401,0.000401
27,3,21,cross,-0.000004,0.000004
28,3,23,cross,-0.000128,0.000128
29,4,12,lig_internal,0.000205,0.000205
30,4,13,lig_internal,0.000116,0.000116
31,4,14,lig_internal,0.000237,0.000237
32,4,16,cross,0.000593,0.000593
33,4,18,cross,-0.000230,0.000230
34,4,19,cross,-0.000061,0.000061
35,4,20,cross,0.000697,0.000697
36,4,21,cross,0.000097,0.000097
37,4,27,cross,0.000241,0.000241
38,5,13,lig_internal,-0.000132,0.000132
39,5,16,cross,0.000238,0.000238
40,5,17,cross,-0.005975,0.005975
41,5,18,cross,-0.000203,0.000203
42,5,19,cross,-0.000294,0.000294
43,5,20,cross,0.000186,0.000186
44,5,21,cross,-0.000076,0.000076
45,5,25,cross,0.000747,0.000747
46,6,0,lig_internal,-0.000847,0.000847
47,6,8,lig_internal,-0.000106,0.000106
48,6,19,cross,-0.000325,0.000325
49,6,21,cross,-0.000184,0.000184
50,6,22,cross,0.000758,0.000758
51,6,23,cross,-0.000786,0.000786
52,6,27,cross,-0.000103,0.000103
53,6,28,cross,-0.000524,0.000524
54,7,9,lig_internal,-0.000000,0.000000
55,7,10,lig_internal,0.000568,0.000568
56,7,18,cross,-0.001233,0.001233
57,7,24,cross,0.001643,0.001643
58,7,25,cross,0.000485,0.000485
59,7,27,cross,-0.000366,0.000366
60,8,6,lig_internal,-0.000402,0.000402
61,8,12,lig_internal,-0.000224,0.000224
62,8,16,cross,0.000097,0.000097
63,8,19,cross,-0.000721,0.000721
64,8,21,cross,-0.000310,0.000310
65,8,23,cross,-0.000730,0.000730
66,8,27,cross,-0.000167,0.000167
67,8,28,cross,-0.000679,0.000679
68,9,7,lig_internal,0.000202,0.000202
69,9,13,lig_internal,-0.000247,0.000247
70,9,18,cross,-0.000882,0.000882
71,9,19,cross,-0.000610,0.000610
72,9,20,cross,-0.000123,0.000123
73,9,24,cross,0.001446,0.001446
74,9,25,cross,0.000711,0.000711
75,10,7,lig_internal,0.000072,0.000072
76,10,14,lig_internal,-0.000429,0.000429
77,10,24,cross,0.001894,0.001894
78,10,25,cross,0.000150,0.000150
79,10,27,cross,-0.000939,0.000939
80,10,30,cross,0.001704,0.001704
81,11,1,lig_internal,0.000823,0.000823
82,11,2,lig_internal,-0.000111,0.000111
83,11,14,lig_internal,0.000317,0.000317
84,11,16,cross,0.000394,0.000394
85,11,20,cross,0.000315,0.000315
86,11,26,cross,-0.001733,0.001733
87,11,27,cross,0.000022,0.000022
88,12,3,lig_internal,-0.000181,0.000181
89,12,4,lig_internal,0.000195,0.000195
90,12,8,lig_internal,0.000048,0.000048
91,12,16,cross,0.000612,0.000612
92,12,19,cross,0.000106,0.000106
93,12,21,cross,0.000099,0.000099
94,12,23,cross,-0.000032,0.000032
95,12,27,cross,0.000073,0.000073
96,12,28,cross,-0.000136,0.000136
97,13,4,lig_internal,-0.000285,0.000285
98,13,5,lig_internal,-0.000664,0.000664
99,13,9,lig_internal,0.000150,0.000150
100,13,16,cross,-0.000160,0.000160
101,13,18,cross,-0.000959,0.000959
102,13,19,cross,-0.000438,0.000438
103,13,20,cross,0.000051,0.000051
104,13,21,cross,-0.000552,0.000552
105,13,25,cross,0.000646,0.000646
106,14,4,lig_internal,-0.000280,0.000280
107,14,10,lig_internal,0.000506,0.000506
108,14,11,lig_internal,-0.000615,0.000615
109,14,16,cross,-0.000135,0.000135
110,14,19,cross,-0.000570,0.000570
111,14,27,cross,-0.000493,0.000493
112,14,28,cross,-0.001412,0.001412
113,14,30,cross,0.002540,0.002540
114,15,2,cross,-0.000971,0.000971
115,16,1,cross,-0.000429,0.000429
116,16,2,cross,-0.001645,0.001645
117,16,3,cross,-0.001568,0.001568
118,16,4,cross,-0.000668,0.000668
119,16,5,cross,-0.001396,0.001396
120,16,8,cross,-0.000725,0.000725
121,16,11,cross,-0.001115,0.001115
122,16,12,cross,-0.000889,0.000889
123,16,13,cross,-0.000620,0.000620
124,16,14,cross,-0.000577,0.000577
125,17,2,cross,0.003437,0.003437
126,17,3,cross,0.004282,0.004282
127,17,5,cross,0.003484,0.003484
128,18,3,cross,0.001544,0.001544
129,18,4,cross,0.001082,0.001082
130,18,5,cross,0.001110,0.001110
131,18,7,cross,0.001166,0.001166
132,18,9,cross,0.001452,0.001452
133,18,13,cross,0.001481,0.001481
134,19,3,cross,0.000485,0.000485
135,19,4,cross,0.000884,0.000884
136,19,5,cross,0.000885,0.000885
137,19,6,cross,0.000623,0.000623
138,19,8,cross,0.000288,0.000288
139,19,9,cross,0.001007,0.001007
140,19,12,cross,0.000450,0.000450
141,19,13,cross,0.001029,0.001029
142,19,14,cross,0.000494,0.000494
143,20,2,cross,-0.001805,0.001805
144,20,3,cross,-0.001901,0.001901
145,20,4,cross,-0.001188,0.001188
146,20,5,cross,-0.001540,0.001540
147,20,9,cross,-0.000352,0.000352
148,20,11,cross,-0.001204,0.001204
149,20,13,cross,-0.000804,0.000804
150,21,3,cross,-0.001245,0.001245
151,21,4,cross,-0.000093,0.000093
152,21,5,cross,-0.000573,0.000573
153,21,6,cross,-0.000523,0.000523
154,21,8,cross,-0.000363,0.000363
155,21,12,cross,-0.000126,0.000126
156,21,13,cross,0.000186,0.000186
157,22,0,cross,-0.001897,0.001897
158,22,6,cross,-0.000977,0.000977
159,23,0,cross,-0.002736,0.002736
160,23,3,cross,0.000361,0.000361
161,23,6,cross,-0.000857,0.000857
162,23,8,cross,-0.000126,0.000126
163,23,12,cross,-0.000226,0.000226
164,24,1,cross,-0.003464,0.003464
165,24,7,cross,-0.002034,0.002034
166,24,9,cross,-0.002369,0.002369
167,24,10,cross,-0.001796,0.001796
168,25,5,cross,-0.002118,0.002118
169,25,7,cross,-0.000709,0.000709
170,25,9,cross,-0.000661,0.000661
171,25,10,cross,-0.000529,0.000529
172,25,13,cross,-0.000923,0.000923
173,26,1,cross,0.004059,0.004059
174,26,2,cross,0.002477,0.002477
175,26,11,cross,0.002989,0.002989
176,27,0,cross,-0.000897,0.000897
177,27,1,cross,0.000936,0.000936
178,27,2,cross,-0.001143,0.001143
179,27,4,cross,-0.000320,0.000320
180,27,6,cross,0.000043,0.000043
181,27,7,cross,0.000780,0.000780
182,27,8,cross,-0.000260,0.000260
183,27,10,cross,0.001810,0.001810
184,27,11,cross,-0.000258,0.000258
185,27,12,cross,-0.000624,0.000624
186,27,14,cross,0.000551,0.000551
187,28,0,cross,-0.000273,0.000273
188,28,6,cross,0.000827,0.000827
189,28,8,cross,0.000440,0.000440
190,28,12,cross,0.000373,0.000373
191,28,14,cross,0.000914,0.000914
192,29,0,cross,0.002468,0.002468
193,30,1,cross,-0.002752,0.002752
194,30,10,cross,-0.001777,0.001777
195,30,14,cross,-0.001716,0.001716
196,31,1,cross,0.000424,0.000424
197,32,1,cross,-0.001709,0.001709
198,0,0,lig_internal,0.000000,0.000000
199,1,1,lig_internal,0.000000,0.000000
200,2,2,lig_internal,-0.000000,0.000000
201,3,3,lig_internal,0.000000,0.000000
202,4,4,lig_internal,0.000000,0.000000
203,5,5,lig_internal,0.000000,0.000000
204,6,6,lig_internal,-0.000000,0.000000
205,7,7,lig_internal,-0.000000,0.000000
206,8,8,lig_internal,-0.000000,0.000000
207,9,9,lig_internal,0.000000,0.000000
208,10,10,lig_internal,-0.000000,0.000000
209,11,11,lig_internal,-0.000000,0.000000
210,12,12,lig_internal,0.000000,0.000000
211,13,13,lig_internal,0.000000,0.000000
212,14,14,lig_internal,0.000000,0.000000
213,15,15,cross,-0.000000,0.000000
214,16,16,cross,0.000000,0.000000
215,17,17,cross,0.000000,0.000000
216,18,18,cross,-0.000000,0.000000
217,19,19,cross,0.000000,0.000000
218,20,20,cross,-0.000000,0.000000
219,21,21,cross,-0.000000,0.000000
220,22,22,cross,-0.000000,0.000000
221,23,23,cross,0.000000,0.000000
222,24,24,cross,-0.000000,0.000000
223,25,25,cross,-0.000000,0.000000
224,26,26,cross,0.000000,0.000000
225,27,27,cross,0.000000,0.000000
226,28,28,cross,0.000000,0.000000
227,29,29,cross,-0.000000,0.000000
228,30,30,cross,0.000000,0.000000
229,31,31,cross,0.000000,0.000000
230,32,32,cross,-0.000000,0.000000
